company_name,tagline,company_url,logo_url,location,founded_year,funding_amount,investors,investor_count,team_members,team_count,description
Grand Mobile,Grand Mobile: Kazakhstan’s top mobile gaming phenomenon.,https://www.f6s.com/company/grand-mobile,https://www.f6s.com/content-resource/profiles/6169952_cec3228c8905bf02e7d4e01234db59afacb13430_th2.jpg,"Astana, Kazakhstan",2022,,Astana Hub,1,,0,
TABYS,"Explore investments, buy securities, stocks, bonds, oil, gold in TABYS app.",https://www.f6s.com/company/tabys,https://www.f6s.com/content-resource/profiles/5995798_a404b6892e28dd2ae2e1dc89274c78252f03d7ab_th2.jpg,"Astana, Kazakhstan",,,Teniz Capital Investment Banking,1,,0,
1Fit.app,The Last Fitness App,https://www.f6s.com/company/1fit-thelastfitnessapp,https://www.f6s.com/content-resource/profiles/3182176_th2.jpg,"Almaty, Kazakhstan",2018,$500k,TMT Investments,2,"Askar, Murat",2,"1Fit is a mobile app with a single membership that gives access to gyms and studios throughout the city. On top of that, we are building a bot that will generate highly personalized recommendations on training, nutrition, and general health to make fitness affordable."
Squares App,"Squares gives access to 1500+ venues where users can work, meet and create",https://www.f6s.com/company/squares-app,https://www.f6s.com/content-resource/profiles/3242500_th2.jpg,"Almaty, Kazakhstan",2021,$220k,Advisor & Business Angel,2,"Kassym, Daniil",2,"At Squares, we are dedicated to solving the problem of underutilized spaces. Our platform offers two main products: Squares App: This is a user-friendly platform for individuals and businesses seeking event venues. It provides access to a network of over 1500 available spaces for various events and gatherings. Users can easily browse, book, and pay for the desired venue, making the process seamless and efficient. Squares Pass: This membership program grants users access to more than 200 flexible workspaces in the city. Whether it's for a day of remote work, meetings, or collaboration, Square..."
Gen2B,Transforming legacy companies into AI-First,https://www.f6s.com/company/gen2b,https://www.f6s.com/content-resource/profiles/6260604_c1810e47b61a10abe3e2bd79687daba797048f53_th2.jpg,"Almaty, Kazakhstan",2024,$1.3m,Armen Atayan,3,"Bakht, Armen, Denis",3,"Gen2B builds a unified AI platform that powers the Ultimate AI Agent—an autonomous, self-learning system designed to transform businesses from legacy to AI-First. Our platform includes:Gen2Chat – AI-first communication platform that automates Layer 1 agents, achieving up to 85% ticket automation and 99% skill-based routing accuracy.Gen2Call – Speech analysis with self-learning capabilities, enabling automated quality control and emotional intelligence detection.Gen2Agent – A real-time, voice-to-voice AI agent that integrates with CRMs and enterprise systems, capable of handling inbound and..."
LABADVANCE_LLC,"​Company develops microfluidic solutions for oil&gas, medicine & reseaerch.",https://www.f6s.com/company/labadvancellc,https://www.f6s.com/content-resource/profiles/5971795_1fcad7a251f0f589a0fab75a3819232c5e99bfbf_th2.jpg,"Almaty, Kazakhstan",,,,,"Evgeny, Alexey",2,
Nearby (NBY),Nearby (NBY) is an AI-powered legal tech platform. ALL in One,https://www.f6s.com/company/nearby-nby,https://www.f6s.com/content-resource/profiles/5853750_5287f54bd2f3c2ad8e08d8c27228b5335c0d0d02_th2.jpg,"Almaty, Kazakhstan",2018,$500k,,0,,0,"Nearby is an innovative LegalTech platform that automates document workflow, contract analysis, and legal consultations using AI. Designed for lawyers, businesses, and legal departments, Nearby enhances efficiency, reduces manual workload, and ensures compliance through smart automation and intelligent legal insights. With modular features, users can scale their legal operations, integrate with existing systems, and streamline case management effortlessly"
Most - Neobank,"Flexible credit, seamless transactions, and fiat-to-crypto conversion.",https://www.f6s.com/company/most-neobank1,https://www.f6s.com/content-resource/profiles/5686879_63084403bd2be8460e0413bac618bba6b8e84e6e_th2.jpg,"Almaty, Kazakhstan",2024,$500k,Mirat Akhmetsadykov,1,"Pavel, Nurkhan, Mirat",3,"Most Neobank: Empowering MSMEs with Financial Freedom Most Neobank is a digital-first neobank designed to meet the unique needs of micro, small, and medium-sized enterprises (MSMEs). Our mission is to provide seamless, modern financial solutions that empower businesses to scale, thrive, and operate confidently in a global market. Key Features: 1. Flexible Credit Solutions: • At the core of our offerings is a robust credit system designed specifically for MSMEs. Businesses can access credit lines linked to their credit cards, enabling flexible cash flow management. • We provide innovative ..."
Off The Map,A community-based business offering authentic journeys to unexplored places,https://www.f6s.com/company/off-the-map,https://www.f6s.com/content-resource/profiles/3639683_th2.jpg,"Almaty, Kazakhstan",2023,$893,Tommaso Aguzzi,1,"Pietro, Tommaso",2,"Slow tourism is always more important to adventures journeys and sustainability is an important driver to life choices. We want to offer an opportunity to all the people who search an authentic way of travel. We organize journeys for people who want to discover unexplored places and different cultures authentically and with a deep personal relationship. We make deep connection with local activities to promote local economies, enhancing people life conditions. Our journey are group experience because we believe in creating a worldwide community of proactive and responsible travelers explori..."
redflags.ai,Universal Procurement Intelligence,https://www.f6s.com/company/redflags.ai,https://www.f6s.com/content-resource/profiles/5567919_448a48634ec7379e330f27eb0ef4c239cbdbdac8_th2.jpg,"Astana, Kazakhstan",2025,$100k,Vitaliy Trenkenshu,1,"Alex, Dias, Vitaliy",3,"redflags.ai is a comprehensive solution for enterprise procurement and tender bidding. We have developed our own proprietary MCP server to classify tenders and procurement prices based on open contracting databases, and we have already attracted strong interest from enterprise clients. Our dual business model allows developers and SMEs to use our MCP to make their procurement more intelligent, while enterprise clients can utilize our solution in the form of off-the-shelf AI agents. With this approach, redflags.ai covers the primary needs of both suppliers and buyers. Suppliers receive more..."
Bloxxa,Bloxxa - WEB3 Product Builder Revolutionizing Blockchain Applications,https://www.f6s.com/company/bloxxa,https://www.f6s.com/content-resource/profiles/3769176_th2.jpg,"Almaty, Kazakhstan",2023,$200k,Andrew Zanin,1,"Andrew, Altemir",2,"⭐️Bloxxa aims to democratize the creation and management of blockchain applications, enhancing accessibility for developers and enterprises. With its commitment to multi-chain support, intuitive smart contract constructors, and robust blockchain platform constructors, Bloxxa lowers entry barriers and ensures security and scalability."
Electronic devices of the 21st century!,Computers and smartphones based on quantum processors.,https://www.f6s.com/company/electronic-devices-of-the-21st-century1,https://www.f6s.com/content-resource/profiles/3170088_th2.jpg,"Astana, Kazakhstan",2014,$100k,Murat Aibassov,2,Murat,1,"An introduction to startup designing computers and cell phones based on quantum processors. Dear Ladies and Gentlemen! My name is Murat Aibassov and I am delighted to present an absolutely unique startup designing computers and phones based on quantum processors. First of all, I want to be aware that nowadays computer manufacturers use silicon processors in electronic devices.For example, let's consider modern processors,the latest Intel processors, series x - 18 core.Intel is the largest manufacturer of computer processors in the world. They use 14 nm technology. That means 14 nanometer..."
AroundGIS,Web&Mobile marketplace for offline home business between neighbors.,https://www.f6s.com/company/aroundgis,https://www.f6s.com/content-resource/profiles/3088472_th2.jpg,"Astana, Kazakhstan",2018,,,,Alkei,1,"Eround is a web and mobile super application where neighbors can sell goods to each other and provide services to their other neighbors. P2P. What is the functional uniqueness of our startup?1) The map as the main element of the interface, so it allows you to find neighbors easier and more conveniently.2) There are different pages for service providers and for those who sell goods.3) 3 mechanics for booking services and goods.4) There is a separate functionality for hot ads (sale of used goods and other things). What is the conceptual uniqueness of our startup?1) The entire market in on..."
KSPr,IT company with global projects and big ambitions,https://www.f6s.com/company/kspr,https://www.f6s.com/content-resource/profiles/2201253_th2.jpg,"Astana, Kazakhstan",2018,,,,Adil,1,Creating softwares/apps to help in solution of consumer's every day struggles and needs
Smart Control Solutions,Remote inventory monitoring and data analysis,https://www.f6s.com/company/smartcontrolsolutins,https://www.f6s.com/content-resource/profiles/2010616_th2.jpg,"Almaty, Kazakhstan",2018,,,,Bulakhov,1,"We work with international FMCG on the implementation of smart monitoring in retail, be it smart shelves or automatic promoter controlling. Our main business- is remote sensory telemetry, we count each SKU, recognize SKU, alert and provide reporting online."
bizzenger,Mobile Business Communicator,https://www.f6s.com/company/bizzenger,https://www.f6s.com/content-resource/profiles/1896880_th2.jpg,"Almaty, Kazakhstan",2017,,,,,0,Mobile-only based service to creat mutually beneficial(symbiotic) communication between supplier(Small Business) and Consumer.
Smart Energy Tree.,"""Solar-wind tree"" is a smart installation that simultaneously generates the",https://www.f6s.com/company/smartenergytree,https://www.f6s.com/content-resource/profiles/1824226_th2.jpg,"Atyrau, Kazakhstan",2015,,Yerzhan Nuredinov,1,Yerzhan,1,"My name is Yerzhan Nuridinov, I'm 34 years old, I'm from Kazakhstan. I am the founder of innovative start-up company #ZhasylEnergy"" and the author of the innovative project smart ""Solar Wind Tree"" (#SmartEnergyTree). Description of my most expensive and clever tree >>> ""Solar-wind tree"" is a smart installation that simultaneously generates the energy of the sun and wind in an urban environment. We have developed and patented for this project a smart anti-vandal self-cleaning solar panel in the form of bee honeycombs made of impact-resistant polycarbonate and a new type of modular wind generato..."
Verigram,"Identity verification - simple, fast and friendly",https://www.f6s.com/company/verigram,https://www.f6s.com/content-resource/profiles/2986500_th2.jpg,"Almaty, Kazakhstan",2017,,,,Adlet,1,"A technology company providing AI-based remote biometric verification services. The company was incorporated on August 17, 2017.16 people (including 8 ML developers)Verigram services are installed on the smartphones of 3 million Kazakhstanis. Monthly 4 million transactions are made"
VideoOculograph,Health Diagnostics by Eye Moves & Pupils' Reaction,https://www.f6s.com/company/videooculograph,https://www.f6s.com/content-resource/profiles/1688882_th2.jpg,"Almaty, Kazakhstan",2020,,,,Lidiya,1,"There 7,5 mil of people with nystagmus and strabismus only in Russia. Treatment of these pathologies same time is still in 95% of cases performed only by surgery, but defect of nystagmus according to statistics can return in 6 -12 months even after successful surgery and can lead to the strabismus' side appearance as the result of a surgery, while lack of treatment leads to loss of visual acuity up to blindness. VideoOculograph allows solving this problem with no surgical risks or further long rehabilitation period just simply by programmable periodic light stimulation. We've developed the 1s..."
Relog,Cloud-based delivery and logistics management service,https://www.f6s.com/company/relog1,https://www.f6s.com/content-resource/profiles/1369243_th2.jpg,"Almaty, Kazakhstan",2016,,,,Бауыржан,1,"We have created cloud-based software that helps transport companies, logistic companies, delivery services to manage their delivery processes and vehicles, decrease their transport expenses. Our product is an web app for delivery managers and mobile app for drivers."
COGNITELLECT,COGNITELLECT is Neurological Trainer for peoples brain cognitive functions,https://www.f6s.com/company/cognitellect,https://www.f6s.com/content-resource/profiles/1212516_th2.jpg,"Almaty, Kazakhstan",2016,,Yerlan Kondybayev,1,Yerlan,1,"My company will manufacture the COGNITELLECT © product.One box of COGNITELLECT will cost 20.00 USD on the world market. We planing to supply COGNITELLECT to hospitals, schools and Holiday Houses around the world. This is millions of boxes. Additionally we can sell in e-commerce system, which we planing to order. We planing to sell 1 million of boxes and earn about 10,000,000.00 USD in next 3 years. We planing to open distribution centers in all regions around the world. We already have good connections with top professors in neuroscience around the world. We have recommendations from medical ..."
Singularity Lab,Interactive virtual reality center,https://www.f6s.com/company/singularitylab,https://www.f6s.com/content-resource/profiles/1133932_th2.jpg,"Almaty, Kazakhstan",2013,,Damir Saifullin,1,"Damir, Yura, Indira",3,"Singularity Lab is a company based in Almaty, Kazakhstan. We are focused on VR and AR technologies, as well as the interactive media solutions. In the last 3 years we've developed commercial projects, including the first in CIS social VR simulator and one of the most technologically advanced museums in Kazakhstan. Now we are ready to make our own product - an interactive virtual reality center. Interactive center is a complex, created based on the newest technologies of virtual reality and interactive projections, aimed towards entertainment, education and business.For more information, plea..."
Kale,AI buddy who cares about mind health of employees,https://www.f6s.com/company/kale,https://www.f6s.com/content-resource/profiles/3129568_th2.jpg,"Astana, Kazakhstan",2022,,,,Rim,1,Kale is developing an assistance that helps companies to retain employees with an Al-powered well-being program.
Kredit24.kz,Quick cash loans 100% online. Hassle free.,https://www.f6s.com/company/kredit24.kz,https://www.f6s.com/content-resource/profiles/772556_th2.jpg,"Almaty, Kazakhstan",2013,,Alexei Sidorov,1,"Alexei, Sofya",2,"Kredit24 is the first Central Asia's FinTech startup disrupting credit industry. We offer short-term loans with fast and convenient service via own online platform and partners' network PROBLEM WE ARE SOLVINGA common situation when consumers urgently need money to cover unexpected expenses, but next paycheck is not coming soon. ￼￼￼Banks would not usually offer such small loans (below $400), it is a bit too much for borrowing from friends, and employers provide cash advances very unwillingly.￼RESULTTraditional financial institutions can not solve this common problem of many consumers – f..."
WOOPPAY,Payment system,https://www.f6s.com/company/wooppay,https://www.f6s.com/content-resource/profiles/517413_th2.jpg,"Karagandy, Kazakhstan",,,,,Alexandr,1,
TalkToFuture,Send letters for yourself or your friends to future. Make stories of life,https://www.f6s.com/company/talktofuture,https://www.f6s.com/content-resource/profiles/515515_th2.jpg,"Almaty, Kazakhstan",,,,,"Yerassyl, Olzhas",2,
The Intervale Kazakhstan Company,Developers,https://www.f6s.com/company/theintervalekazakhstancompany,https://www.f6s.com/content-resource/profiles/411444_th2.jpg,"Almaty, Kazakhstan",,,,,Badirsha,1,
Hexlet,Platform for in-browser programming lessons in the real dev environment,https://www.f6s.com/company/hexlet,https://www.f6s.com/content-resource/profiles/364681_th2.jpg,"Almaty, Kazakhstan",,,,,"Rakhim, Samir",2,"Hexlet is a platform for practical in-browser programming lessons in the real development environment. Each lesson is a programming task from the real world which targets a particular skill and is evaluated automatically. Real development environment means being able to learn and interact with languages, frameworks, databases, servers and other right from the browser, without installing anything."
YourFlavor,YourFlavor,https://www.f6s.com/company/yourflavor,https://www.f6s.com/content-resource/profiles/326177_th2.jpg,"Astana, Kazakhstan",,,,,"Anuar, Make, Samat",3,
startup-course.com,virtual business-incubators for universities,https://www.f6s.com/company/startup-course.com,https://www.f6s.com/content-resource/profiles/2581788_th2.jpg,"Almaty, Kazakhstan",2019,,Vladimir Popov,2,"Yekaterina, Vladimir",2,"startup-course.com is the most academic business-incubators for universities in the form of educational discipline ""Startups and Technological Entrepreneurship"" inside of curriculum instead of extracurricular activities of students. We embed our syllabus into curriculum and give students a framework how to go all the way from Idea to Product and Techno Business.MCI ➡️MVP➡️UnicornWe solve such problems as lack of student startups, an absence of techpreneurship teachers, a need for the news hooks about the success of student teams in competitions, as well as the attracting of schoolchildren to..."
CoinBox limited,Coinbox — Smart Web-Menu Platform for Restaurants and Cafes,https://www.f6s.com/company/coinbox-limited,https://www.f6s.com/content-resource/profiles/5617636_a98c6517f1cc006ba8d98c23a2266895cc101289_th2.jpg,"Almaty, Kazakhstan",2022,,,,"Rinat, Andrey",2,"Coinbox — Smart Web-Menu Platform for Restaurants and Cafes Transforming restaurant service through contactless AI-powered web menus. OverviewCoinbox is a SaaS platform for restaurants and cafés that replaces traditional printed menus with interactive multilingual web menus, accessible instantly via QR code — no app installation required. Guests can browse dishes with detailed descriptions, place and pay for orders, and leave feedback directly through the web interface. For restaurant owners, Coinbox offers an intuitive dashboard with AI-based recommendations, sales analytics, and seamless..."
Connected Home Kazakhstan,"Smart Home solution that delivers security, sustainability & comfort.",https://www.f6s.com/company/rozabaratova1,https://www.f6s.com/content-resource/profiles/2449964_th2.jpg,"Astana, Kazakhstan",2018,,,,Roza,1,"We build mobile application and software to create a smart ecosystem around the residents of condominiums and residences in Kazakhstan. We use smarthome appliances, security sensors and, voice assistants and comfort features in order to attract people to our app, but further through mobile app and tablet in every apartment we provide various services on a subscription basis. The services maybe delivering food, flowers and other goods, and also giving mounting, cleaning and other services to make people automate and forget the household repetative actions. We also build hardware and manufactu..."
JT-LAB,"Crypto Bots, Cryptocurrency Trading Robots",https://www.f6s.com/company/jt-lab,https://www.f6s.com/content-resource/profiles/5793365_64980be15eb4a066154317148632c39278f51ae7_th2.jpg,"Almaty, Kazakhstan",2024,,,,Aleksandr,1,"JT-Lab is an ecosystem designed to empower automated trading. It connects traders and developers in a dynamic environment where they can create, test, and monetize trading robots. This comprehensive platform supports the entire lifecycle of algorithmic trading development and deployment, making it a hub for innovation and collaboration in the crypto trading space. By offering tools that cater to both newcomers and experienced traders, JT-Lab facilitates access to advanced trading strategies and fosters a thriving community of technology enthusiasts and financial experts"
Avanso,Get a salary for the period you have worked at any time.,https://www.f6s.com/company/avanso,https://www.f6s.com/content-resource/profiles/6148420_b7dbccb7daa42ac13119f52dda7b159ff707f932_th2.jpg,"Astana, Kazakhstan",2023,,,,Эльдар,1,"Avanso is an IT startup based in Astana that offers an earned wage access (EWA) service, allowing employees to access a portion of their earned salary before payday.What is Avanso? • Through the mobile app or web version, employees can access a portion of their already earned salary before the official payday, while the company ensures seamless integration with the employer’s payroll system. • The service is not considered a loan: it’s interest-free, requires no paperwork or pre-approval, and is available 24/7. You only pay when you use it — perfect for unexpected expenses.App: • iOS (Ap..."
Teniz Capital Investment Banking,Investment banking for you.,https://www.f6s.com/company/teniz-capital-brokerage-ltd,https://www.f6s.com/content-resource/profiles/5995785_49ccb30163fa8750c52401deb17ad7803b834957_th2.jpg,"Almaty, Kazakhstan",,,,,,0,
Ongar Studio,Video Game Company,https://www.f6s.com/company/ongar-studio,https://www.f6s.com/content-resource/profiles/3494703_th2.jpg,"Astana, Kazakhstan",2023,,,,Islam,1,We create 2d hand drawn genre video games.
Chocofamily,An e-commerce holding company intended to offer a collective buying market,https://www.f6s.com/company/choco-holding,https://www.f6s.com/content-resource/profiles/3251780_th2.jpg,"Almaty, Kazakhstan",2011,,Acrobator Ventures,1,,0,
Getsuv,"I have been improving devices such as a computer mouse, headphoness,",https://www.f6s.com/company/getsuv,https://www.f6s.com/content-resource/profiles/2278165_th2.jpg,"Astana, Kazakhstan",2019,,,,,0,While at the level of sketches and projects. Research is needed for further research and test.
Pooolstop,Our project increases the profitability of Bitcoin mining,https://www.f6s.com/company/pooolstop,https://www.f6s.com/content-resource/profiles/3508032_th2.jpg,"Almaty, Kazakhstan",,,Dmitry Khmelevsky,1,Dmitry,1,
EMBLE AI,AI for automated and predictive horse health monitoring.,https://www.f6s.com/company/emble-ai,https://www.f6s.com/content-resource/profiles/5629188_8e57d0b0698bca39ab78eeac408a461bf9ee6d01_th2.jpg,"Astana, Kazakhstan",2019,,,,"Alex, Slava",2,EMBLE is an AI-based application that continuously monitors the condition and behavior of the horse and detects early symptoms of diseases.
Parqour (Smart Parking Technologies),Parking management solution based on ANPR,https://www.f6s.com/company/smartparkingtechnologies,https://www.f6s.com/content-resource/profiles/3153171_th2.jpg,"Almaty, Kazakhstan",2018,,,,"Kairat, Aidana, Amirkhan",3,"We provide hardware and software solutions including automatic number plate recognition (ANPR) camera technology, parking pay machines and parking barrier gates for retail operators, property owners, property and facility management providers and government.Our system consists of following features:- parking access automation embedded with ANPR- a ticket-less parking fee management- ANPR linked automated online payments- hardware - parking pay machines, barrier gates, cameras and etc.- authorised vehicle (white list) access- guidance system- monitoring system, embedded with compute..."
Alladdin,People earn rewards for making environment better,https://www.f6s.com/company/alladdin,https://www.f6s.com/content-resource/profiles/2378232_th2.jpg,"Almaty, Kazakhstan",2019,,,,Bari,1,
Dgetsuv,Interested in the release of devices,https://www.f6s.com/company/dgetsuv,https://www.f6s.com/content-resource/profiles/2335172_th2.jpg,"Astana, Kazakhstan",2019,,,,Artur,1,Now I am disassembling a computer mouse. I study for future development
Flying cars,Antigravity and free energy for all human beings!,https://www.f6s.com/company/flying-cars,https://www.f6s.com/content-resource/profiles/3423799_th2.jpg,"Astana, Kazakhstan",2023,$50k,Murat Aibassov,1,Murat,1,"Flying machines powered by atmospheric vortex engines.Atmospheric vortex engines are a type of renewable energy technology that harnesses the power of natural atmospheric vortexes to generate electricity. These devices work by creating a controlled vortex or ""tornado"" within a vertical structure that is open at the bottom and has a narrow exit at the top.Here is a step-by-step explanation of how atmospheric vortex engines work:Warm air rises and cold air sinks. Atmospheric vortex engines exploit this principle by creating a temperature difference between air at ground level and air at high ..."
Paloma365,"CLOUD SERVICE FOR AUTOMATION CONTROL, SALES AND WAREHOUSE ACCOUNTING",https://www.f6s.com/company/paloma365,https://www.f6s.com/content-resource/profiles/2817802_th2.jpg,"Almaty, Kazakhstan",2013,,,,Azat,1,"We automate SMEs to make them work easier and much better. We provide an easy, convenient system that will decrease the stealing possibilities, increase the speed of providing service, be at an affordable price, and compatible with all devices, such as smartphone, tablet, laptop or specific equipment. Our main audience are SMEs.We have different applications for different business spheres. They are:1. Mobile Waiter App ( Application for restaurants and cafes. It’s very convenient for waiters to take orders remotely, without any papers and so on. Orders will automatically come to Paloma365..."
[ ] FOQUS,Behavioral Intelligence at scale by AI vision,https://www.f6s.com/company/foqus1,https://www.f6s.com/content-resource/profiles/3856266_th2.jpg,"Almaty, Kazakhstan",2024,,,,Serik,1,"1. AI Vision Technology: FOQUS leverages cutting-edge AI vision to analyze vast amounts of video data collected from enterprise IP cameras. This technology goes beyond traditional computer vision by focusing on human behavior and interaction patterns, unlocking insights that were previously unattainable. 2. Behavioral Intelligence Modules:- HR Module: Provides detailed insights into team dynamics, emotional states, and individual employee behavior. This allows organizations to optimize team performance, enhance employee engagement, and drive personalized development strategies.- Marketing M..."
frenly,✨ we are making web3... frenly ✨,https://www.f6s.com/company/frenly,https://www.f6s.com/content-resource/profiles/3445576_th2.jpg,"Almaty, Kazakhstan",2023,$5k,Lens Protocol,1,Artem,1,✨ social wallet app and web3 social protocol ✨
Quantum money -the last money in history,Quantum money is the logical finale of the evolution of money in thehistory,https://www.f6s.com/company/quantum-money,https://www.f6s.com/content-resource/profiles/4340250_9db67a6b0eab7f3c379fd29dcdbaa78bfc580c15_th2.jpg,"Astana, Kazakhstan",2014,,Murat Aibassov,1,Murat,1,"Quantum money is the next generation of money with protection based on the principles of quantum cryptography. Quantum cryptography is based on the principles of quantum physics, in contrast to the currently used cryptography based on mathematical encryption methods. The main advantage of quantum money is that quantum money cannot be counterfeited or hacked. Quantum money will replace crypto and digital currencies in the future. Building and releasing quantum money is a logical extension of my startup. Author: Murat Aibassov Date: Septem..."
Modu Financial,The AI-powered All-In-One B2B Fintech Platform,https://www.f6s.com/company/modu-financials,https://www.f6s.com/content-resource/profiles/5975360_7576ffc7b2dc98322207b29a3cabf8310a3dc9b2_th2.jpg,"Astana, Kazakhstan",2024,$10k,Kairat Dikhayev,1,Kairat,1,"Modu is an AI-powered, all-in-one fintech platform that helps startups and businesses save money and time.Company offers multi-currency accounts, corporate cards with dynamic limits, expense management, automated accounting, and embedded banking – everything a business needs to streamline financial operations.Our platform also integrates with third-party services and provides global payroll solutions, making it the go-to tool for companies scaling internationally. BUSINESS MODELValue Proposition: Modu's algorithms help companies save significant amounts of money, identifying and reducing u..."
Prometeo Chain System llc,A new standard of transparent and automated supply chain communication,https://www.f6s.com/company/prometeo-chain-system-llc,https://www.f6s.com/content-resource/profiles/3184937_th2.jpg,"Astana, Kazakhstan",2022,,,,"ANDREA, Damira, Luigi",3,"Prometeo Chain System is revolutionizing supply chain transparency and efficiency with the IKARUS Smart Chain. By leveraging cutting-edge blockchain technology, our platform enables seamless integration of IoT, GPS devices, and digital documentation, all supported by a high-performance distributed ledger capable of handling 230,000 transactions per second. With features like smart contracts, QR/RFID-based product tracking, and warehouse management automation, Prometeo Chain System provides unparalleled visibility and security for industries facing persistent supply chain challenges. We’re add..."
anyhires.com,"A unified platform for hiring, overseeing, and compensating remote team",https://www.f6s.com/company/anyhires.com,https://www.f6s.com/content-resource/profiles/3591641_th2.jpg,"Almaty, Kazakhstan",2023,$50k,Quest Ventures,1,Nariman,1,"B2B SaaS service providing companies with the capability of global searching, screening, and hiring of remote specialists through Employer of Record (EOR) – registered companies in the employer and employee's country. We take on all formal employment obligations, including the processes of labor contract agreements, salary calculations, and tax payments in accordance with the legislation of the employee's country."
ACD Technologies,"AI Software for Safe, Autonomous Drone Flights in the Cities of the Future",https://www.f6s.com/company/acd-technologies,https://www.f6s.com/content-resource/profiles/6208919_1bb327efe0a9a5ba6681bc03e255b18f64806d56_th2.jpg,"Astana, Kazakhstan",2025,,,,"Alex, Slava",2,"We believe the future of urban mobility will rise into the skies. By developing AI-powered navigation and autonomy, we’re making it possible for drones and aircraft to fly safely and independently through the complex environments of modern cities. Our mission is to open the skies above every city — creating a foundation for cleaner, faster, and more connected urban life through fully autonomous aviation."
Data Hunters,Research and analytical services for businesses and investors.,https://www.f6s.com/company/data-hunters,https://www.f6s.com/content-resource/profiles/3025813_th2.jpg,"Almaty, Kazakhstan",,,Activat,1,,0,"Data Hunters Research is a specialized marketing research company. We provide a full range of research and analytical services for businesses and investors. The company studies the history of the industry, competitors, working business models, and strategies, cost structure, limiting and influencing factors, technologies, subtleties of the profession, and carries out price monitoring and market price surveys, thereby enabling clients to develop complex strategic documents such as company development strategies, marketing strategies, sales, and many more."
Smartolet finance,,https://www.f6s.com/company/smartolet-finance,https://www.f6s.com/content-resource/profiles/3519596_th2.jpg,"Almaty, Kazakhstan",,,,,Кунайым,1,"We lend and sell electronics such as mobile phones, earphones, smart watches, etc.You can find us in 3 big cities in Kazakhstan: Almaty, Astana, Shymkent.We have more than 100 empoyees in our company.We're hiring professionals only"
Postureletics,AI-powered app to relieve back pain and improve posture at home.,https://www.f6s.com/company/postureletics,https://www.f6s.com/content-resource/profiles/6239824_576ad87778900c02b8d7c846ff54bfca0367ec93_th2.jpg,"Almaty, Kazakhstan",2024,,,,Daniyar,1,"Postureletics is an AI-powered posture therapy platform designed to help people relieve back pain, improve alignment, and build long-term musculoskeletal health—all from the comfort of home. Here’s how it works:Users download the Postureletics app and take four guided posture photos using their smartphone. Our proprietary computer vision technology analyzes their posture in detail—measuring alignment issues like forward head posture, rounded shoulders, hip tilt, and more. Based on these insights, our algorithm generates a fully personalized corrective exercise program, tailored to the user’s..."
MealOk,MealOk is a social network for discovering and enjoying healthy food.,https://www.f6s.com/company/mealok,https://www.f6s.com/content-resource/profiles/5865457_1b89717f859b4fd02c14b595f1b759f0e3ebbebd_th2.jpg,"Almaty, Kazakhstan",2025,,,,Mikhail,1,"MealOk is a social network for discovering, sharing, and enjoying healthy food together. Users create meal plans with friends, track what others are eating, and explore dishes from local cafés, stores, and home recipes. You can share meals, plan group dinners, and see where your friends eat and what new meals they try. AI personalizes plans and suggests real-time swaps based on availability and preferences. MealOk turns nutrition into a fun, social experience—helping people eat better without giving up variety or connection."
terenoi,Online School,https://www.f6s.com/company/terenoi,https://www.f6s.com/content-resource/profiles/2835100_th2.jpg,"Almaty, Kazakhstan",,,,,Askhat,1,"terenoi is an interactive online school for learning English and mathematics, which helps people who have set themselves specific life goals to achieve them in the learning process. Due to the processing of a large array of data about students and the subsequent use of artificial intelligence, we make learning as convenient and effective as possible, interesting and exciting."
UYGE Super App,UYGE is a multifunctional ecosystem of digital services in one app,https://www.f6s.com/company/uyge-super-app,https://www.f6s.com/content-resource/profiles/5722765_405938ad6b55c90c0c3786e38cbe16a8cbb65f54_th2.jpg,"Astana, Kazakhstan",2024,$15k,Kairat Dikhayev,1,Kairat,1,"UYGE app, offering its users online shopping, money transfers, bank account management, creating deposits, loans, currency conversion, paying utility bills, government services and solving many other everyday tasks.The central place is given to Uyge Markt – a unique service where entrepreneurs sell their goods and buyers buy them at the most favorable prices.Target market is the countries of the Turkic Union with a population of 173 million peopleThe goal is to become a unicorn company with a market cap of $6.9 billion and 13 million active users (MAUs) in 2029.Revenue consists of interes..."
Scholarium,A platform for building AI research agents for pharma and biotech,https://www.f6s.com/company/scholarium,https://www.f6s.com/content-resource/profiles/6191440_6a5db05549db79898af21bd34b6397a7bc3a6a2c_th2.jpg,"Almaty, Kazakhstan",2025,,Microsoft for Startups,1,"Saniya, Alexander",2,"Scholarium is a platform that lets R&D teams build custom AI agents to extract insights from papers, patents, and internal data - dramatically accelerating scientific research by automating what used to take weeks."
TimeBilling,Make Telecom Billing Affordable Again,https://www.f6s.com/company/timebilling,https://www.f6s.com/content-resource/profiles/2939712_th2.jpg,"Almaty, Kazakhstan",2009,,,,Anatoli,1,"A self-service Billing SaaS product for telecom operators, apartment management companies and those who makes recurring subscription invoicing . The pitch https://bit.ly/3lgEEPF"
Sonetix AI,Grow revenue. Cut headcount. Let AI handle the calls.,https://www.f6s.com/company/sonetix-ai,https://www.f6s.com/content-resource/profiles/6123027_5324669fe4072700f52de1acec9053646d40ea4e_th2.jpg,"Astana, Kazakhstan",2025,,,,Dias,1,"Sonetix AI is an AI-powered voice automation platform that replaces traditional call centers. It handles inbound and outbound calls, qualifies leads in real time, integrates with CRMs, and helps businesses reduce costs while improving conversion rates."
Sports24.kz,"Sports Events, Sports, News, Football, Boxing, Tennis, Basketball, Hockey,",https://www.f6s.com/company/sports24.kz,https://www.f6s.com/content-resource/profiles/6058789_85b5d47b98ba97b28828181bfe9deff20e143723_th2.jpg,"Almaty, Kazakhstan",2025,,,,Sergey,1,"Sports24.kz is a popular Kazakhstani sports portal covering the latest news, analysis, and events from the world of sports. The portal features a wide range of information on international and local sports competitions, including football championships, boxing, hockey, tennis, basketball, and other sports. The website is aimed at an audience interested in sports at both professional and amateur levels."
Dark Phoenix Games,The future unicorn of mobile gaming,https://www.f6s.com/company/dark-phoenix-games,https://www.f6s.com/content-resource/profiles/3787620_th2.jpg,"Astana, Kazakhstan",2024,,Vladislav Vinogradov,1,Vladislav,1,We work according to the Blue Ocean strategy: create a new market that will live by our rules. What you shouldn't expect from us:- investment failure- deadlines missed- empty bureaucracy- incompetent employees- work for work's sake- happy second place- superficial conclusions We know how to do everything else.
Digital Downloads App: Byte Box,"Digital Downloads App helps to deliver PDF, ebooks, and more to customers",https://www.f6s.com/company/digital-downloads-app-byte-box,https://www.f6s.com/content-resource/profiles/6326567_f05643a8abc42399731ee2496ed101a8709a75d9_th2.jpg,"Almaty, Kazakhstan",2025,,,,Andrew,1,"Shopify Digital Downloads App automates delivery of digital purchases so your customers receive their files immediately and reliably. Replace manual follow-ups and fragile shared links with a dependable, branded download experience that scales as your store grows. What it does- Sends a polished download email after each completed order, reducing manual work.- Hosts your files securely and serves them through a temporary download page.- Lets you manage large files without juggling external cloud services. Key features- Dependable email routing: Emails are sent via a delivery-optimized pi..."
READY!,We are a practical book service,https://www.f6s.com/company/ready1,https://www.f6s.com/content-resource/profiles/3331397_th2.jpg,"Astana, Kazakhstan",2023,,,,Rassul,1,We are a practical book service. Our goal is to help bring knowledge to life.
Bai.kz,Service for comparison and selection of banking services.,https://www.f6s.com/company/bai.kz,https://www.f6s.com/content-resource/profiles/3025889_th2.jpg,"Almaty, Kazakhstan",,,Activat,1,,0,Online comparison platform for banking/financial products and services
Parqour,End-to-end parking management solution based on license plate recognition,https://www.f6s.com/company/parqour,https://www.f6s.com/content-resource/profiles/2895350_th2.jpg,"Almaty, Kazakhstan",2020,,,,"Aidana, Ильяс",2,"Parqour is an intelligent car parking management solution based on number plate recognition technologies. Our License Plate Recognition technologies are designed to capture the license plates of vehicles with an accuracy level of 99,6%. This level of accuracy allows creating a seamless, contactless, and comfortable parking experience by excluding tickets, cards, remote controls, and any human involvement. That also brings considerable optimisation of operational costs.Moreover, car park owners can boost revenue from each space by using features like dynamic pricing, VIP zoning, and detection..."
Aspans,Vendor of easy to build and modify automation software,https://www.f6s.com/company/aspans,https://www.f6s.com/content-resource/profiles/2467630_th2.jpg,"Astana, Kazakhstan",2017,,,,Erjan,1,"ASPANS helps to reduce risks of Health Safety and Environment on industrial sites. Admissions to perform work, faults of equipment, discrepancy from accepted rules, not finished work by subcontractors that may lead to injuries, dangerous behaviour of employees on the territory of industrial site, all these facts can be fixed by mobile phone apps by any including not indifferent to their work employees. Frequent checks, instant actions, and real time reporting and built-in Operational Intelligence Analytics lets business make sure that people are doing what they’re supposed to do to keep safety..."
Azura Vending,"Creation of a new trading platform, based on vending, production of vending",https://www.f6s.com/company/azura-vending,https://www.f6s.com/content-resource/profiles/3762302_th2.jpg,"Astana, Kazakhstan",2023,,,,Askhat,1,"Our project involves the production of self-developed vending machines and software. Our goal is to create a new tool for trade through vending machines. We are developing an ecosystem that will provide a new perspective on the vending business and enhance instant sales. Our ecosystem will also allow the integration of vending machines from other manufacturers, enabling the business to scale much faster."
RETEV,Wind power applications in electric vehicle charging stations,https://www.f6s.com/company/retev,https://www.f6s.com/content-resource/profiles/2909787_th2.jpg,"Qostanay, Kazakhstan",2019,,,,Канат,1,"The goal of the project is to reduce losses, increase the efficiency and environmental friendliness of charging electric vehicles with the introduction of wind energy into the charging cycle, as optimal for our region. In the Republic, the most polluted cities are: Almaty, Ust-Kamenogorsk, Karaganda, Temirtau, Shymkent. According to the physical map of Kazakhstan, the wind speed in January for North and Central Kazakhstan is 4-6 m / s, for South Kazakhstan 2-4 m / s, in the summer in the north 2-3 m / s, in the South 1-2 m / s. There are gusts of wind up to 8-10 m / s. There are large losses i..."
EcoWasteAqtau,,https://www.f6s.com/company/ecowasteaqtau1,https://www.f6s.com/content-resource/profiles/2352931_th2.jpg,"Aktau, Kazakhstan",2017,,,,"Жан, Eco",2,Re-use of the oil & gas industries waste (polyethylene) and also ather recycle
Retina project,The Retina project is an early online diagnosis of diabetic retinopathy,https://www.f6s.com/company/retinaproject,https://www.f6s.com/content-resource/profiles/2320997_th2.jpg,"Almaty, Kazakhstan",2019,,,,Adele,1,"The Retina project is an early online diagnosis of diabetic retinopathy using a portable ophthalmoscope. Problem:Diabetic retinopathy (DR) is a leading cause of vision-loss globally in adults aged 20–74 years.In most developing countries, patients diagnosed with diabetes often suffer from complications such as diabetic retinopathy, which local doctors cannot diagnose due to lack of qualifications, which leads to a complete loss of vision among patients. Solution:We will equip nurses with portable professional ophthalmoscopes with an included AI diagnostic system that will help medical wor..."
TeenTechEd,Educational company for kids and teens aiming to build sustainable future,https://www.f6s.com/company/teenteched,https://www.f6s.com/content-resource/profiles/3276669_th2.jpg,"Almaty, Kazakhstan",2021,,,,Botagoz,1,
Skidki.Live,A system for monitoring prices for all types of goods in all large stores,https://www.f6s.com/company/skidki.live,https://www.f6s.com/content-resource/profiles/3776186_th2.jpg,"Astana, Kazakhstan",2021,,,,Azamat,1,"Skidki.Live is a price monitoring system for all types of products in all major online stores in Kazakhstan. We scan online stores around the clock to identify significant price drops, create a price history for the product, and then send notifications to our users. Based on the received data, users make decisions about purchasing the product. The project operates on the Telegram messenger. Our users are active online shoppers who want to buy products at advantageous prices."
24Goals,Social platform where users can share their daily schedules for 24 hours,https://www.f6s.com/company/24goals,https://www.f6s.com/content-resource/profiles/2767532_th2.jpg,"Almaty, Kazakhstan",2020,,,,Yerkezhan,1,"24Goals is a new social platform where users can plan, share their daily schedule for 24 hours, inspire and be inspired by others, set reactions, subscribe, find like-minded people and a mentor, and develop networking through an internal messenger. Core functions:1. Become a masterat achieving goals.By choosing only 3 spheres for 30 days, without loss of energy you will achieve as many goals as others achieve for a YEAR.2. Get the most of benefits.If you need constant support or control, you can share goals with a mentor and friendsor follow others with the help of the messenger funct..."
Twinreality AI,text-2-video AI service for filmmakers,https://www.f6s.com/company/twinreality-ai,https://www.f6s.com/content-resource/profiles/3714543_th2.jpg,"Almaty, Kazakhstan",2023,$2k,Yevgeniy Samoilenko,4,"Stanislav, Yevgeniy",2,"Twinreality AI is a cloud-based service for creating videos from text using AI. We help save time and money when creating video content.In addition, the service allows the creation of movie teasers, game cinematics, and content for social networks.Our product combines two technologies: generative AI and the Unreal game engine. The AI generates instructions for the engine, creating sketches, character models, environmental details, and visual effects based on the input text. The UE then assembles these components into a final video.The development process can be divided into two parts: worki..."
IceCore.ai,AI-platform that turns customer conversations into growth,https://www.f6s.com/company/icecore.ai,https://www.f6s.com/content-resource/profiles/6160503_9767ca51684cad8e40645018bf21b463bec0bbd0_th2.jpg,"Astana, Kazakhstan",2025,,,,"Aisulu, Samat",2,"IceCore.ai is an AI-powered SaaS that collects and analyzes 100% of customer messages across all channels, turning them into actionable insights that boost retention and revenue.Founded in 2025, we’ve built an MVP, integrated Telegram and emails, and are adding new channels. Selected from 485+ startups for Central Asia+ Accelerator (Top 14 in the region) and pitched at TechCrunch Road to Battlefield."
Porte Tech,Digital concierge that reduces hotel operations and upsells services,https://www.f6s.com/company/porte-tech,https://www.f6s.com/content-resource/profiles/3464087_th2.jpg,"Almaty, Kazakhstan",,,,,Aidana,1,
Lancaster Group,,https://www.f6s.com/company/lancaster-group,https://www.f6s.com/content-resource/profiles/3838129_th2.jpg,"Almaty, Kazakhstan",,,,,,0,
iGPS Tech,Track assets using Satellite communication,https://www.f6s.com/company/igps-tech,https://www.f6s.com/content-resource/profiles/5694445_15e9053663106321ddc2bc54fb2026f2f33eea83_th2.jpg,"Astana, Kazakhstan",2017,,,,"Magzhan, Miras",2,"iGPS Tech is a comprehensive platform designed to provide asset management through cutting-edge satellite tracking technology. Its primary goal is to simplify monitoring processes, especially in remote areas where traditional cellular networks are unavailable. By offering reliable and user-friendly tools, iGPS Tech addresses the critical needs of farmers, herders, and agricultural businesses. Core Features and ServicesSatellite GPS Tracking:iGps Tech provides GPS devices that connect via satellites, enabling precise location tracking in areas without cellular coverage. These devices are ava..."
Zarbo,"3D models, 360 photo, virtual placement of goods in the interior for e-com",https://www.f6s.com/company/zarbotech,https://www.f6s.com/content-resource/profiles/3594891_th2.jpg,"Pavlodar, Kazakhstan",2022,,,,Aleksandr,1,"Provide the most awesome Zarbo 3D model management service.Create 3D models of real-world objects from photos and drawings.Create graphic content for the product card (360 photos, videos, photo renderings, etc.)Develop private software solutions for business needs."
Kenes AI,AI-powered business assistant,https://www.f6s.com/company/kenes-ai,https://www.f6s.com/content-resource/profiles/3733672_th2.jpg,"Almaty, Kazakhstan",2024,,,,Yersain,1,"We are building an Retail Analytics tool, that not just build dashboards, but also"
Computers and phones with built-in TVs,Watch TV at the touch of a button!,https://www.f6s.com/company/computers-and-phones-with-built-in-tvs,https://www.f6s.com/content-resource/profiles/3170095_th2.jpg,"Astana, Kazakhstan",2014,$100k,Murat Aibassov,3,Murat,1,"At the heart of our innovation is the integration of TV tuners directlyinto the motherboard of computers and smartphones, revolutionizing the way users consume TV content on their devices. This innovation is rooted in the growing demand for converged devices that offer multiplefunctions in a single package and the need for a modern TV viewingexperience. This innovation has important benefits.First, it addresses a clear market gap where users currently require separate devices and peripherals or software applications to watch TV, leading to clutter and increased costs; our solution integrat..."
Zakazbuketov,Wholesale and retail sale of flowers with delivery,https://www.f6s.com/company/zakazbuketov,https://www.f6s.com/content-resource/profiles/3025803_th2.jpg,"Almaty, Kazakhstan",2014,,Activat,1,,0,"The company specializes in the wholesale and retail sale of flowers with delivery both to your home and office throughout Kazakhstan. At the moment, we are a large company that owns an online store and has a single call center in its network that regulates all the activities of the store, a sales department, a delivery service, a wide staff of qualified florist consultants, and our own warehouse with a constant availability of freshly delivered flowers from Kazakhstan, Holland, Latin America, India and Africa. © https://zakazbuketov.kz/about/ ZakazBuketov.KZ"
UFO. Flying Saucers Startup.,"In the future, we will do interplanetary travels!",https://www.f6s.com/company/ufo.-flying-saucers-startup,https://www.f6s.com/content-resource/profiles/3141008_th2.jpg,"Astana, Kazakhstan",2014,,Murat Aibassov,2,Murat,1,"Isaac Newton said: ""Give me a sea of mercury and I will turn it into gold."" From time immemorial, magical and mystical properties were attributed to mercury, actively used in alchemy and medicine, and even unleashed wars. Throughout world history, mercury has also been associated with the Philosopher's Stone. I am primarily interested in the unique anti-gravity properties of mercury. It is known that mercury has the ability to interact with a magnetic field in such a way that the rotating mechanism of the engine starts to rotate rapidly on its own from contact with this substance. Th..."
Defect AI,Agentic Healthcare Revenue Cycle Management Platform,https://www.f6s.com/company/defect,https://www.f6s.com/content-resource/profiles/5810955_a88c765ba917fc018c707d72a704db245ebb6279_th2.jpg,"Almaty, Kazakhstan",2024,,,,"Kuanysh, Zharaskhan",2,We build AI engine to solve claim denials problem
SmartPIM.ai copywriter for e-commerce,SmartPIM.ai - is an AI-copywriter creating best-selling product pages,https://www.f6s.com/company/smartpim.ai,https://www.f6s.com/content-resource/profiles/2811895_th2.jpg,"Astana, Kazakhstan",2022,$15k,Alexey Shangin,1,Alexey,1,"SmartPIM.ai - is an AI-copywriter creating best-selling product page for marketplace merchants. Generates SEO-optimized product title and description maximizing page views. Enriches product details to fit wide-range categories. Learns on the best in category product pages discovering AI-powered ""sales boosting receipt"". Finally, lets you sell more with the best product pages."
Elin,Task Manager like Google Docs with Trello capacity,https://www.f6s.com/company/elin.app,https://www.f6s.com/content-resource/profiles/2771949_th2.jpg,"Almaty, Kazakhstan",2020,,Anton Kim,1,"Евгений, Igor",2,
Lin.kz - Multiple links tool,Multiple links for Bio,https://www.f6s.com/company/lin.kz,https://www.f6s.com/content-resource/profiles/2740096_th2.jpg,"Astana, Kazakhstan",2021,,,,Дархан,1,
Darmen-Arkabay,Gasification of settlements.,https://www.f6s.com/company/darmen-arkabay,https://www.f6s.com/content-resource/profiles/3025655_th2.jpg,"Almaty, Kazakhstan",,,Activat,1,,0,"Provider of gasification services in Almaty region, Kazakhstan. The company is currently operating in stealth mode. ​"
MOSHO,Video creatives for Mobile games and explainer videos for brands,https://www.f6s.com/company/mosho.io,https://www.f6s.com/content-resource/profiles/3321687_th2.jpg,"Almaty, Kazakhstan",2023,,,,Nursultan,1,
ULTRAFUSION CLUB,Create or join fair pay businesses. No salary slavery.,https://www.f6s.com/company/ultrafusion-club,https://www.f6s.com/content-resource/profiles/6347144_71efc92b4a678d297607018bc411949ddf7330b5_th2.jpg,"Almaty, Kazakhstan",2025,,,,,0,"ULTRAFUSION is a platform for people who are looking for non-wage work opportunities. We help people meet talented peers, create fair businesses together, and manage them all in one place. Unique elements of our platform: 1) Talent community. We have a ranked membership; each rank depends on your competencies and gives you more access. Top talent is selected via our seasonal competitions. You can find new friends, hunt for elite talent, demonstrate your skills and look for clients. 2) Business creation. You can create your own non-wage work based business such as: a worker co-operative, ..."
AI Crew Connect,50% BOOST IN LEAD TO DEMO PRODUCTIVITY,https://www.f6s.com/company/salesflow-team,https://www.f6s.com/content-resource/profiles/5563136_720bd61c8ede809e00f9b47c2711da01ed5da644_th2.jpg,"Astana, Kazakhstan",2024,,,,"Dias, Nikolay",2,"SalesFlow.team is an AI-powered SaaS platform designed to revolutionize the sales and marketing automation process for small and medium-sized businesses (SMBs) and freelancers. The platform's core objective is to streamline customer relationship management (CRM) tasks by automating lead nurturing, follow-ups, and sales processes through AI-driven multi-agent systems. This helps businesses scale their sales and marketing efforts with minimal manual intervention, resulting in more efficient communication and optimized lead conversion rates. The vision behind SalesFlow.team is to enable SMBs and..."
DAG-JIM,Effective full-body workout on a smart dynamic platform.,https://www.f6s.com/company/dag-jim,https://www.f6s.com/content-resource/profiles/5575774_5ae92bd35d11e6758415d47ddeb591d0bdd6c2e3_th2.jpg,"Almaty, Kazakhstan",2024,$100,Yerlan Kondybayev,1,"Yerlan, Sanzhar",2,"The innovative DAG-JIM platform is designed to elevate full-body workouts by incorporating dynamic movements that engage all muscle groups. Through controlled instability, DAG-JIM challenges the body, enhancing core strength, balance, and flexibility.By using this dynamic platform, users can experience a more effective workout, targeting muscles in ways that traditional equipment cannot. This isn't just another fitness tool – it's a new era of training, pushing the boundaries of strength, coordination, and body control, offering a holistic approach to fitness. Advantages of DAG-JIM: Unique ..."
Respo,Respo is a research company based in Central Asia,https://www.f6s.com/company/respo,https://www.f6s.com/content-resource/profiles/6288744_869db733d79e09d244d05e59f3baffdfa87a8f48_th2.jpg,"Astana, Kazakhstan",2023,,,,Stepan,1,"Respo is a research agency based in Kazakhstan, specializing in culturally sensitive analytics and innovative research methodologies for Central Asia and the CIS region. Recognizing the growing role of digital communications in society, Respo has expanded its expertise to analyze how businesses engage with their audiences through technology-driven channels.Its current project, PushControl, was launched to monitor, analyze, and assess the effectiveness of push notifications in constantly evolving digital environments, including social media and E-commerce platforms. PushControl integrates adva..."
Green Technology Centre,"Specialist in RES sector, owner of InTech-Forecast AI-driven forecast",https://www.f6s.com/company/green-technology-centre,https://www.f6s.com/content-resource/profiles/5820222_73cf6443b81136baa7e8d952491c079ac4544f48_th2.jpg,"Almaty, Kazakhstan",2020,,,,"Aruzhan, Assemzhan",2,"InTech-Forecast is an AI-driven renewable energy forecasting platform that optimizes the generation, integration, and management of solar, wind, and hydropower. Developed by Green Technology Centre, it is the first system of its kind in Central Asia, delivering high-accuracy predictions that reduce energy imbalances, enhance grid stability, and support large-scale renewable adoption. By leveraging machine learning, meteorological data, satellite imagery, and historical energy production trends, InTech-Forecast provides day-ahead predictions with hourly breakdowns, ensuring power producers and..."
